OBJECTID,DATE,Allegany,Anne_Arundel,Baltimore,Baltimore_City,Calvert,Caroline,Carroll,Cecil,Charles,Dorchester,Frederick,Garrett,Harford,Howard,Kent,Montgomery,Prince_Georges,Queen_Annes,Somerset,St_Marys,Talbot,Washington,Wicomico,Worcester,Unknown
1,04/03/2020 10:00:00 AM,0,4,3,4,1,0,5,1,1,0,2,0,0,2,0,9,9,0,0,0,0,0,1,0,
2,04/04/2020 10:00:00 AM,0,6,4,6,1,0,6,1,1,0,2,0,0,3,0,9,13,0,0,0,0,0,1,0,
3,04/05/2020 10:00:00 AM,0,6,6,7,1,0,8,1,2,0,3,0,0,3,0,13,16,0,0,0,0,0,1,0,
4,04/06/2020 10:00:00 AM,0,8,11,8,1,0,10,1,2,0,4,0,0,3,0,19,23,0,0,0,0,0,1,0,
5,04/07/2020 10:00:00 AM,0,8,11,9,1,0,16,1,2,0,4,0,0,3,0,21,26,0,0,0,0,0,1,0,
6,04/08/2020 10:00:00 AM,0,11,13,10,2,0,18,1,2,0,4,0,0,3,0,26,32,0,0,0,1,0,1,0,
7,04/09/2020 10:00:00 AM,0,12,16,13,1,0,18,1,3,0,4,0,0,4,0,29,35,0,0,0,1,0,1,0,
8,04/10/2020 10:00:00 AM,0,16,21,17,1,0,19,1,4,0,9,0,0,5,0,34,42,0,0,0,1,0,1,0,
9,04/11/2020 10:00:00 AM,0,19,26,22,1,0,25,1,5,0,11,0,1,6,0,36,50,0,0,0,1,1,1,0,
10,04/12/2020 10:00:00 AM,0,27,30,24,1,0,25,1,9,0,12,0,0,6,0,42,55,0,0,0,1,1,1,0,
11,04/13/2020 10:00:00 AM,0,29,31,26,1,0,28,1,10,1,12,0,0,8,0,48,63,0,0,1,1,1,1,0,
12,04/14/2020 10:00:00 AM,0,32,41,29,1,0,29,2,12,1,14,0,0,9,0,54,72,0,0,3,1,1,1,0,0
13,04/15/2020 10:00:00 AM,1,25,27,25,1,0,20,2,11,1,20,0,0,9,1,44,65,1,0,1,1,0,1,0,93
14,04/16/2020 10:00:00 AM,1,29,31,31,1,0,21,2,13,1,22,0,0,10,1,56,70,1,0,1,1,1,1,0,98
15,04/17/2020 10:00:00 AM,1,34,37,38,2,0,25,2,15,1,23,0,0,10,1,63,77,1,0,1,1,1,1,0,91
16,04/18/2020 10:00:00 AM,1,34,38,40,2,0,26,3,16,1,23,0,0,10,1,70,85,2,0,1,1,3,1,0,105
17,04/19/2020 10:00:00 AM,1,40,44,46,3,0,27,3,17,1,25,0,1,11,1,80,98,2,0,2,1,3,3,0,77
18,04/20/2020 10:00:00 AM,1,42,44,49,3,0,30,3,19,1,25,0,1,12,1,89,103,2,0,2,1,3,3,0,82
19,04/21/2020 10:00:00 AM,2,45,51,54,4,0,31,3,22,1,28,0,1,12,1,99,111,2,0,3,1,3,2,0,108
20,04/22/2020 10:00:00 AM,3,49,58,58,5,0,32,5,29,1,29,0,2,13,1,110,125,2,0,3,1,3,2,0,100
21,04/23/2020 10:00:00 AM,3,54,62,60,6,0,34,5,31,2,30,0,2,14,1,121,141,2,0,4,1,3,3,0,101
22,04/24/2020 10:00:00 AM,3,56,65,65,8,0,34,5,33,2,35,0,3,14,2,135,147,3,0,6,1,3,3,0,100
23,04/25/2020 10:00:00 AM,3,62,69,72,7,0,36,5,34,2,39,0,4,15,3,152,162,3,0,6,1,3,4,0,115
24,04/26/2020 10:00:00 AM,3,63,71,73,7,0,36,5,34,2,39,0,4,15,3,160,163,3,0,6,1,3,4,0,132
25,04/27/2020 10:00:00 AM,4,66,87,82,7,0,37,5,36,2,42,0,4,16,4,190,187,3,0,6,1,3,5,0,71
26,04/28/2020 10:00:00 AM,5,70,94,83,8,0,44,6,38,2,42,0,6,17,4,201,195,4,0,7,1,3,5,1,93
27,04/29/2020 10:00:00 AM,6,75,104,94,8,0,45,8,41,2,45,0,6,18,4,218,213,4,0,7,1,3,7,2,74
28,04/30/2020 10:00:00 AM,7,83,110,104,8,0,46,8,43,2,49,0,6,18,5,229,229,6,0,7,1,4,7,2,73
29,05/01/2020 10:00:00 AM,7,82,116,106,9,0,46,8,44,2,49,0,9,18,4,236,231,7,0,7,1,4,7,2,103
30,05/02/2020 10:00:00 AM,8,86,125,117,10,0,46,8,45,2,52,0,10,19,4,256,257,8,0,7,1,6,10,2,77
31,05/03/2020 10:00:00 AM,12,88,133,120,10,0,46,9,47,2,54,0,10,19,6,268,265,8,0,7,1,6,10,2,59
32,05/04/2020 10:00:00 AM,12,93,136,120,10,0,47,10,47,2,55,0,10,21,7,274,271,8,0,7,1,6,10,2,67
33,05/05/2020 10:00:00 AM,12,98,142,124,10,0,52,13,47,2,59,0,15,22,7,292,280,8,0,7,1,6,11,2,80
34,05/06/2020 10:00:00 AM,12,99,149,131,10,0,55,13,49,2,61,0,17,24,8,304,296,8,0,7,1,7,11,2,72
35,05/07/2020 10:00:00 AM,12,102,155,140,10,0,54,13,48,2,63,0,18,26,8,315,309,8,0,8,1,7,13,2,87
36,05/08/2020 10:00:00 AM,12,105,162,146,10,0,56,13,51,2,64,0,20,26,8,324,323,9,0,8,1,7,15,2,89
37,05/09/2020 10:00:00 AM,12,108,169,154,10,0,58,13,52,2,66,0,21,28,10,336,333,9,0,8,1,8,15,3,94
38,05/10/2020 10:00:00 AM,12,112,175,160,10,0,58,13,53,2,68,0,21,28,13,348,337,9,0,8,1,9,15,3,83
39,05/11/2020 10:00:00 AM,12,115,178,162,10,0,58,13,53,2,68,0,21,30,13,353,342,9,0,9,1,9,16,3,96
40,05/12/2020 10:00:00 AM,13,117,188,169,12,0,60,15,54,2,71,0,23,34,13,373,355,9,0,9,1,9,16,3,97
41,05/13/2020 10:00:00 AM,13,123,203,177,12,0,61,15,56,2,74,0,24,36,13,386,370,9,0,9,1,9,17,3,81
42,05/14/2020 10:00:00 AM,13,126,207,183,12,0,62,17,57,2,78,0,28,38,14,397,379,9,0,9,1,9,17,4,86
43,05/15/2020 10:00:00 AM,13,128,217,183,12,0,64,17,59,2,81,0,28,38,14,411,393,9,0,9,1,9,19,4,81
44,05/16/2020 10:00:00 AM,13,133,223,192,12,0,66,17,60,2,82,0,30,41,14,423,399,9,0,10,1,9,20,4,82
45,05/17/2020 10:00:00 AM,13,134,232,195,12,0,67,17,60,2,83,0,31,41,14,437,408,10,0,11,1,8,21,5,74
46,05/18/2020 10:00:00 AM,14,134,237,200,12,0,68,17,60,2,83,0,31,42,14,442,415,10,0,11,1,8,21,5,76
47,05/19/2020 10:00:00 AM,14,137,247,202,12,0,69,18,62,2,83,0,32,46,14,465,424,11,1,12,1,8,21,5,77
48,05/20/2020 10:00:00 AM,14,137,261,208,13,0,70,20,63,2,86,0,36,46,14,474,432,11,1,12,1,9,21,7,66
49,05/21/2020 10:00:00 AM,14,139,271,210,14,0,69,20,64,2,87,0,37,45,14,491,444,11,1,13,1,10,22,7,59
50,05/22/2020 10:00:00 AM,14,141,277,213,14,0,71,20,65,2,88,0,43,46,15,502,455,12,1,13,1,10,22,7,60
51,05/23/2020 10:00:00 AM,14,142,284,220,14,0,74,20,67,2,89,0,43,48,15,514,462,12,1,14,1,10,22,7,55
52,05/24/2020 10:00:00 AM,14,145,285,222,14,0,74,21,67,2,91,0,45,48,14,522,468,12,1,14,1,11,22,9,60
53,05/25/2020 10:00:00 AM,14,149,292,225,15,0,77,21,67,2,92,0,45,48,14,526,475,12,2,15,1,11,22,10,52
54,05/26/2020 10:00:00 AM,14,151,297,227,14,0,78,21,68,2,94,0,45,49,15,531,484,12,2,15,1,12,22,10,53
55,05/27/2020 10:00:00 AM,15,154,304,228,16,0,82,21,70,3,96,0,46,50,15,535,496,12,2,16,1,12,25,10,61
56,05/28/2020 10:00:00 AM,15,154,308,232,16,0,82,22,71,3,97,0,46,52,15,542,506,12,2,19,1,12,27,10,63
57,05/29/2020 10:00:00 AM,16,158,320,240,16,0,83,22,71,3,98,0,46,54,17,555,506,12,2,20,1,13,30,12,53
58,05/30/2020 10:00:00 AM,16,163,325,246,17,0,89,22,71,3,98,0,46,54,19,565,515,12,2,20,2,13,30,12,50
59,05/31/2020 10:00:00 AM,17,165,329,250,17,1,89,23,71,3,98,0,48,54,19,572,517,13,2,22,2,14,30,12,43
60,06/01/2020 10:00:00 AM,17,166,333,253,17,1,90,23,72,3,99,0,48,56,19,576,521,12,2,23,2,14,30,12,42
61,06/02/2020 10:00:00 AM,17,169,342,255,17,1,91,24,72,3,100,0,48,56,19,584,528,12,3,24,3,15,30,12,49
62,06/03/2020 10:00:00 AM,17,169,350,258,19,1,93,24,74,3,102,0,48,56,19,593,542,12,3,27,3,16,30,12,48
63,06/04/2020 10:00:00 AM,16,170,355,261,19,1,95,24,77,3,102,0,48,60,19,596,556,12,3,28,3,16,32,13,37
64,06/05/2020 10:00:00 AM,16,173,360,264,19,1,95,24,77,4,103,0,48,60,19,606,563,12,3,30,4,16,32,13,38
65,06/06/2020 10:00:00 AM,16,176,367,268,20,1,98,24,79,4,104,0,49,60,19,614,571,12,3,33,4,16,32,15,31
66,06/07/2020 10:00:00 AM,16,176,369,273,20,1,98,24,78,4,104,0,50,62,19,617,574,12,3,34,4,16,32,15,24
67,06/08/2020 10:00:00 AM,16,176,371,274,20,1,98,24,78,4,104,0,50,63,19,620,578,12,3,34,4,16,32,15,41
68,06/09/2020 10:00:00 AM,17,177,379,279,20,1,99,25,80,4,104,0,52,66,19,628,583,12,3,34,4,17,33,14,36
69,06/10/2020 10:00:00 AM,17,181,383,281,20,2,100,25,81,4,105,0,54,68,19,633,590,12,3,35,4,17,33,14,38
70,06/11/2020 10:00:00 AM,17,182,386,284,20,2,100,27,81,4,105,0,54,68,21,635,596,12,3,36,4,20,33,15,45
71,06/12/2020 10:00:00 AM,17,183,390,286,20,2,100,28,80,4,107,0,55,68,21,640,607,12,3,40,4,21,34,15,36
72,06/13/2020 10:00:00 AM,17,183,395,289,20,2,102,29,81,4,107,0,55,68,22,647,609,12,3,40,4,22,35,15,38
73,06/14/2020 10:00:00 AM,17,185,401,292,20,2,102,29,81,4,107,0,55,69,22,651,612,12,3,39,4,22,35,16,31
74,06/15/2020 10:00:00 AM,17,185,403,293,20,2,102,29,81,4,107,0,55,70,23,655,615,12,3,40,4,22,35,16,24
75,06/16/2020 10:00:00 AM,17,185,406,296,20,2,102,29,81,4,108,0,56,71,23,658,619,13,3,40,4,22,35,16,41
76,06/17/2020 10:00:00 AM,17,186,411,299,21,2,103,29,83,4,108,0,58,72,23,664,623,14,3,41,4,22,36,16,27
77,06/18/2020 10:00:00 AM,17,187,415,301,22,2,106,28,84,4,108,0,59,74,23,667,624,14,3,44,4,24,37,16,23
78,06/19/2020 10:00:00 AM,17,189,420,301,22,2,106,28,84,4,109,0,58,74,22,670,629,14,3,44,4,25,37,16,23
79,06/20/2020 10:00:00 AM,17,191,426,304,22,2,107,28,84,4,109,0,58,75,22,674,634,14,3,44,4,25,37,16,23
80,06/21/2020 10:00:00 AM,17,191,428,304,22,2,107,28,84,4,109,0,58,75,22,680,635,14,3,45,4,25,37,16,27
81,06/22/2020 10:00:00 AM,17,191,432,307,22,2,107,28,84,4,109,0,58,75,22,683,637,15,3,46,4,25,37,16,21
82,06/23/2020 10:00:00 AM,17,192,435,310,23,3,107,28,84,5,109,0,58,75,22,685,637,15,3,48,4,25,38,16,24
83,06/24/2020 10:00:00 AM,17,193,437,316,24,3,107,28,84,5,109,1,58,76,22,688,638,15,3,48,4,26,39,15,22
84,06/25/2020 10:00:00 AM,17,193,438,318,25,3,107,28,84,5,109,1,58,78,22,691,645,16,3,48,4,26,40,15,27
85,06/26/2020 10:00:00 AM,17,195,439,321,25,3,108,28,84,5,109,0,58,79,22,691,653,17,3,50,4,26,40,15,23
86,06/27/2020 10:00:00 AM,17,198,443,324,25,3,108,28,84,5,110,0,58,80,22,695,653,17,3,51,4,26,40,15,21
87,06/28/2020 10:00:00 AM,17,199,445,326,25,3,109,28,84,5,110,0,58,80,22,696,655,17,3,51,4,26,40,15,24
88,06/29/2020 10:00:00 AM,17,199,448,326,25,3,110,28,84,5,110,0,59,80,22,697,657,17,3,51,4,26,41,15,21
89,06/30/2020 10:00:00 AM,17,199,451,327,26,3,110,28,84,5,110,0,59,79,22,699,658,17,3,51,4,27,41,15,27
90,07/01/2020 10:00:00 AM,17,201,452,328,26,3,110,28,84,5,111,0,59,84,22,700,662,18,3,51,4,28,41,16,24
91,07/02/2020 10:00:00 AM,17,202,453,330,26,3,110,28,84,5,111,0,60,84,22,704,662,18,3,51,4,28,40,16,25
92,07/03/2020 10:00:00 AM,17,201,457,332,26,3,110,28,84,5,112,0,60,86,22,709,664,18,3,51,4,28,40,16,23
93,07/04/2020 10:00:00 AM,17,201,459,334,26,3,112,28,85,5,113,0,60,85,22,710,665,19,3,51,4,29,41,16,23
94,07/05/2020 10:00:00 AM,18,201,460,334,26,3,112,28,85,5,113,0,60,85,22,711,666,19,3,51,4,29,41,16,26
95,07/06/2020 10:00:00 AM,18,201,461,339,26,3,112,28,85,5,113,0,60,85,22,715,667,19,3,51,4,29,41,16,18
96,07/07/2020 10:00:00 AM,18,202,465,341,26,3,112,28,85,5,113,0,60,87,22,714,669,19,3,51,4,29,41,16,27
97,07/08/2020 10:00:00 AM,18,202,469,344,26,3,112,28,86,5,113,0,61,87,22,714,676,20,3,51,4,29,41,16,19
98,07/09/2020 10:00:00 AM,18,202,472,346,26,3,112,28,87,5,113,0,61,86,22,716,677,22,3,51,4,29,41,16,20
99,07/10/2020 10:00:00 AM,18,202,473,350,26,3,113,28,87,5,113,0,62,89,22,717,680,22,3,51,4,29,41,16,18
100,07/11/2020 10:00:00 AM,18,202,474,351,26,3,113,28,87,5,113,0,62,89,22,719,683,22,3,51,4,29,41,17,17
101,07/12/2020 10:00:00 AM,18,202,474,352,26,3,113,28,88,5,113,0,62,89,22,721,689,22,3,51,4,29,42,17,15
102,07/13/2020 10:00:00 AM,18,202,474,353,26,3,113,28,88,5,113,0,63,90,22,722,691,22,3,51,4,29,42,17,15
103,07/14/2020 10:00:00 AM,18,202,476,354,26,3,113,28,88,5,113,0,63,90,22,724,692,22,3,51,4,29,42,17,17
104,07/15/2020 10:00:00 AM,18,203,480,356,26,3,113,28,88,5,113,0,64,91,22,725,694,22,3,51,4,29,42,17,12
105,07/16/2020 10:00:00 AM,18,203,482,359,26,3,113,28,88,5,113,0,63,91,22,725,696,22,3,51,4,29,42,17,12
106,07/17/2020 10:00:00 AM,18,203,483,360,26,3,113,28,88,5,113,0,63,91,22,728,696,22,3,51,4,29,42,17,19
107,07/18/2020 10:00:00 AM,18,205,489,364,26,3,113,28,88,5,113,0,63,92,22,730,700,22,3,51,4,29,42,17,11
108,07/19/2020 10:00:00 AM,18,205,490,368,26,3,113,28,88,5,113,0,63,92,22,730,700,22,3,51,4,29,42,17,15
109,07/20/2020 10:00:00 AM,18,205,492,370,26,3,113,28,88,5,113,0,63,92,22,734,700,22,3,52,4,29,42,17,11
110,07/21/2020 10:00:00 AM,18,205,497,375,26,3,113,29,88,5,113,0,63,93,22,736,702,22,3,52,4,29,42,17,15
111,07/22/2020 10:00:00 AM,18,206,499,376,26,3,113,29,88,5,113,0,63,93,22,738,702,22,3,53,4,29,42,17,12
112,07/23/2020 10:00:00 AM,18,206,500,378,26,3,113,29,88,5,113,0,63,94,22,743,702,22,3,52,4,29,42,17,9
113,07/24/2020 10:00:00 AM,18,206,501,381,26,3,113,29,88,5,113,0,64,94,22,744,703,22,3,52,4,29,42,17,14
114,07/25/2020 10:00:00 AM,18,206,504,383,26,3,113,29,88,5,113,0,64,96,22,744,706,22,3,52,4,30,42,17,14
115,07/26/2020 10:00:00 AM,18,206,505,386,26,3,113,29,88,5,113,0,64,96,22,745,707,22,3,52,4,30,42,17,13
116,07/27/2020 10:00:00 AM,18,206,508,387,26,3,113,29,88,5,113,0,64,96,22,748,707,22,3,52,4,30,42,17,12
117,07/28/2020 10:00:00 AM,18,206,512,389,26,3,114,29,88,5,113,0,64,96,22,748,708,22,3,53,4,30,42,17,15
118,07/29/2020 10:00:00 AM,18,206,516,390,26,3,114,29,88,5,114,0,64,96,22,748,710,22,3,53,4,30,43,17,26
119,07/30/2020 10:00:00 AM,18,208,523,392,26,3,114,29,88,5,114,0,64,99,22,750,711,24,3,53,4,30,44,17,16
120,07/31/2020 10:00:00 AM,18,208,525,393,27,3,114,29,89,5,114,0,64,100,22,750,714,24,3,52,4,30,44,17,13
121,08/01/2020 10:00:00 AM,18,208,527,395,27,3,114,29,89,5,114,0,64,100,22,750,718,24,3,52,4,30,44,18,16
122,08/02/2020 10:00:00 AM,18,208,529,399,27,3,114,29,89,5,114,0,65,100,22,752,720,24,3,52,4,30,44,18,12
123,08/03/2020 10:00:00 AM,18,208,529,399,27,3,115,29,89,5,114,0,65,100,22,754,720,24,3,52,4,30,44,18,17
124,08/04/2020 10:00:00 AM,18,209,531,402,27,3,115,29,89,5,114,0,65,100,22,755,721,24,3,52,4,30,44,18,16
125,08/05/2020 10:00:00 AM,18,211,533,406,27,3,115,29,89,5,114,0,66,100,22,755,723,24,3,52,4,31,44,19,9
126,08/06/2020 10:00:00 AM,18,211,535,407,27,3,115,29,89,5,114,0,66,100,22,758,725,24,3,52,4,31,45,19,13
127,08/07/2020 10:00:00 AM,18,213,537,408,27,3,115,29,89,5,114,0,66,100,22,762,726,24,3,52,4,31,45,19,17
128,08/08/2020 10:00:00 AM,18,213,539,413,27,3,115,29,89,5,114,0,66,103,22,763,728,24,3,52,4,31,45,19,15
129,08/09/2020 10:00:00 AM,18,216,541,413,27,3,115,29,89,5,114,0,66,104,22,764,730,24,3,52,4,31,45,19,14
130,08/10/2020 10:00:00 AM,18,216,541,414,27,3,115,29,89,5,114,0,66,106,22,764,732,24,3,52,4,31,45,19,15
131,08/11/2020 10:00:00 AM,18,217,544,415,27,3,115,29,89,5,114,0,66,106,22,764,738,24,3,52,4,31,45,19,17
132,08/12/2020 10:00:00 AM,18,218,545,418,27,3,115,29,89,5,114,0,66,106,22,767,741,25,3,52,4,31,45,19,12
133,08/13/2020 10:00:00 AM,18,218,550,420,27,3,115,29,90,5,114,0,66,106,22,768,743,25,3,52,4,31,45,19,10
134,08/14/2020 10:00:00 AM,18,218,551,423,27,3,115,29,90,5,114,0,66,109,22,769,743,25,3,52,4,31,45,19,14
135,08/15/2020 10:00:00 AM,18,219,551,426,27,3,115,29,91,5,114,0,66,109,22,769,745,25,3,52,4,31,45,19,11
136,08/16/2020 10:00:00 AM,19,219,552,428,27,3,115,29,91,5,114,0,66,110,22,771,745,25,3,52,4,31,45,19,7
137,08/17/2020 10:00:00 AM,19,219,551,429,27,3,116,29,91,5,114,0,66,110,22,771,745,25,3,52,4,31,45,19,8
138,08/18/2020 10:00:00 AM,19,219,553,429,27,3,116,29,91,5,114,0,66,111,22,773,746,25,3,52,4,31,45,19,9
139,08/19/2020 10:00:00 AM,19,219,558,429,27,3,116,30,91,5,114,0,66,111,22,774,746,25,3,52,4,31,45,21,11
140,08/20/2020 10:00:00 AM,20,220,559,430,27,3,116,30,91,5,114,0,66,111,22,775,749,25,3,52,4,31,45,21,12
141,08/21/2020 10:00:00 AM,20,220,561,433,27,3,116,30,91,5,115,0,66,112,22,775,750,25,3,52,4,32,46,20,8
142,08/22/2020 10:00:00 AM,20,220,563,433,27,3,116,30,91,5,116,0,66,111,22,775,754,25,3,52,4,32,46,21,11
143,08/23/2020 10:00:00 AM,20,221,565,433,27,3,117,30,91,5,116,0,66,111,22,776,755,25,3,53,4,32,46,21,10
144,08/24/2020 10:00:00 AM,20,221,565,435,27,3,117,30,91,5,116,0,66,111,22,776,757,25,3,53,4,32,47,21,7
145,08/25/2020 10:00:00 AM,20,222,569,435,27,3,117,30,91,5,116,0,66,111,22,776,757,25,3,54,4,32,47,22,10
146,08/26/2020 10:00:00 AM,20,222,572,435,27,3,118,30,91,5,116,0,66,111,22,777,760,25,3,54,4,32,47,22,12
147,08/27/2020 10:00:00 AM,20,222,575,436,27,3,119,30,91,6,116,0,66,111,22,779,762,25,3,55,4,32,47,22,7
148,08/28/2020 10:00:00 AM,20,223,575,438,27,3,120,30,91,6,117,0,66,111,22,779,762,25,3,55,4,32,47,22,15
149,08/29/2020 10:00:00 AM,20,226,577,440,27,3,120,30,91,6,118,0,66,111,22,780,766,25,3,55,4,32,47,23,11
150,08/30/2020 10:00:00 AM,20,226,578,443,27,3,120,30,92,6,118,0,66,111,22,781,768,25,4,55,4,33,47,23,7
151,08/31/2020 10:00:00 AM,20,226,579,443,27,3,120,30,92,6,118,0,66,111,22,782,769,25,4,55,4,33,47,23,7
152,09/01/2020 10:00:00 AM,20,227,581,441,27,3,120,30,92,6,118,0,67,111,22,782,770,25,4,55,4,33,47,23,9
153,09/02/2020 10:00:00 AM,20,227,582,441,27,3,120,30,92,7,118,0,67,111,22,782,773,25,4,55,4,33,47,24,9
154,09/03/2020 10:00:00 AM,20,227,584,443,27,3,120,30,92,7,118,0,67,111,22,782,774,25,4,56,4,34,47,25,12
155,09/04/2020 10:00:00 AM,21,228,585,445,27,3,120,30,93,7,119,0,68,111,22,783,775,25,4,56,4,34,47,25,13
156,09/05/2020 10:00:00 AM,22,229,585,449,27,3,120,30,92,7,120,0,68,111,22,784,778,25,4,56,4,35,47,25,9
157,09/06/2020 10:00:00 AM,22,228,585,450,27,3,120,30,93,8,120,0,68,112,22,784,779,25,4,56,4,35,48,25,7
158,09/07/2020 10:00:00 AM,22,228,585,450,27,3,120,30,93,8,120,0,68,112,22,786,780,25,4,56,4,35,48,25,9
159,09/08/2020 10:00:00 AM,22,229,585,450,27,3,120,30,93,8,120,0,68,112,22,789,780,25,4,56,4,35,48,25,8
160,09/09/2020 10:00:00 AM,22,229,585,451,27,3,120,30,93,8,120,0,68,112,22,790,781,25,4,56,4,35,48,25,14
161,09/10/2020 10:00:00 AM,22,230,586,451,27,3,120,30,93,8,120,1,69,113,22,792,783,25,4,57,4,35,48,25,11
162,09/11/2020 10:00:00 AM,22,230,586,454,27,3,120,30,93,9,120,1,70,113,22,793,784,25,4,57,4,35,48,25,10
163,09/12/2020 10:00:00 AM,22,229,587,454,27,3,120,30,93,9,121,1,71,113,22,794,787,25,4,57,5,35,48,25,11
164,09/13/2020 10:00:00 AM,22,229,588,455,27,3,120,30,93,9,121,1,71,113,22,794,790,25,4,57,5,35,48,25,8
165,09/14/2020 10:00:00 AM,22,229,589,455,27,3,120,30,93,9,121,1,71,113,22,794,790,25,4,57,5,35,48,25,8
166,09/15/2020 10:00:00 AM,22,229,590,456,27,3,120,30,93,9,121,1,71,113,22,795,790,25,4,57,5,35,48,25,15
167,09/16/2020 10:00:00 AM,22,230,591,458,27,3,120,31,94,9,122,1,71,113,22,795,791,25,4,57,5,36,48,25,12
168,09/17/2020 10:00:00 AM,22,231,591,460,27,3,120,31,94,10,122,1,72,113,22,796,794,25,4,57,5,36,48,25,8
169,09/18/2020 10:00:00 AM,22,231,594,460,27,4,120,32,95,10,122,1,72,113,22,796,794,25,4,57,5,36,48,25,9
170,09/19/2020 10:00:00 AM,22,232,594,462,27,4,121,32,96,10,122,1,72,114,22,797,793,25,4,57,5,36,48,25,11
171,09/20/2020 10:00:00 AM,22,232,596,464,27,4,121,32,96,10,122,1,72,114,22,798,793,25,4,57,5,36,48,25,9
172,09/21/2020 10:00:00 AM,22,232,596,465,27,4,121,32,97,10,122,1,72,114,22,798,793,25,4,57,5,37,48,25,10
173,09/22/2020 10:00:00 AM,22,233,596,464,27,5,121,32,97,10,123,1,72,116,22,801,795,25,4,57,5,37,48,25,10
174,09/23/2020 10:00:00 AM,22,233,597,465,27,5,121,32,97,10,124,1,72,117,22,801,798,25,4,57,6,37,48,25,10
175,09/24/2020 10:00:00 AM,22,234,598,466,27,6,121,33,98,10,124,1,72,117,22,801,799,25,4,57,6,37,48,25,12
176,09/25/2020 10:00:00 AM,22,234,599,468,27,6,122,34,99,10,124,1,72,117,22,802,802,25,4,57,6,37,48,25,9
177,09/26/2020 10:00:00 AM,22,235,599,469,27,7,123,34,99,10,124,1,72,116,22,804,804,25,4,57,6,37,48,25,10
178,09/27/2020 10:00:00 AM,22,236,600,469,27,7,123,34,99,10,124,1,72,116,22,804,804,25,5,57,6,37,48,26,16
179,09/28/2020 10:00:00 AM,23,236,603,469,27,7,123,34,99,10,125,1,72,116,22,807,805,25,5,57,6,37,48,26,10
180,09/29/2020 10:00:00 AM,23,236,607,468,27,7,123,34,99,10,125,1,72,116,22,808,805,25,5,57,6,38,48,26,14
181,09/30/2020 10:00:00 AM,23,238,609,469,27,7,123,34,99,10,125,1,72,116,22,809,805,25,5,57,6,39,48,26,10
182,10/01/2020 10:00:00 AM,23,239,609,469,27,7,123,34,99,10,125,1,72,116,22,810,805,25,5,57,6,39,49,27,6
183,10/02/2020 10:00:00 AM,23,240,609,469,27,7,123,34,99,10,125,1,72,116,22,811,804,25,5,57,6,39,49,28,5
184,10/03/2020 10:00:00 AM,23,240,609,469,27,7,123,34,99,10,125,1,72,117,22,809,805,25,4,57,6,39,49,29,12
185,10/04/2020 10:00:00 AM,23,240,611,469,27,7,123,34,99,10,125,1,72,117,22,809,807,25,4,58,6,39,49,29,8
186,10/05/2020 10:00:00 AM,23,240,611,469,27,7,123,34,99,10,125,1,72,117,22,810,807,25,4,58,6,40,49,29,9
187,10/06/2020 10:00:00 AM,23,240,614,469,27,7,123,34,99,10,125,1,72,117,22,810,808,25,4,58,6,41,49,29,10
188,10/07/2020 10:00:00 AM,23,242,616,471,27,7,123,34,99,10,126,1,72,116,22,811,808,25,4,58,6,41,49,29,9
189,10/08/2020 10:00:00 AM,23,242,617,472,27,7,123,35,99,10,126,1,72,117,22,812,810,25,4,58,6,41,49,29,8
190,10/09/2020 10:00:00 AM,23,243,619,474,27,7,123,35,99,10,126,1,72,117,22,814,810,25,4,58,6,41,49,29,11
191,10/10/2020 10:00:00 AM,23,243,619,474,27,7,123,35,99,10,126,1,72,117,22,815,810,25,4,58,6,41,49,29,15
192,10/11/2020 10:00:00 AM,23,244,622,476,27,8,123,35,99,10,127,1,73,117,22,815,813,25,4,58,6,41,49,29,7
193,10/12/2020 10:00:00 AM,23,245,622,476,27,8,123,35,99,10,127,1,73,117,22,815,814,25,4,59,6,41,49,29,9
194,10/13/2020 10:00:00 AM,23,246,624,477,27,8,123,35,99,10,127,1,73,117,22,816,816,25,4,59,6,41,49,29,11
195,10/14/2020 10:00:00 AM,23,248,624,478,27,8,124,35,99,10,127,1,73,117,22,819,816,25,4,59,6,41,49,29,13
196,10/15/2020 10:00:00 AM,23,250,626,477,27,8,125,35,99,10,129,1,73,117,22,820,817,25,5,59,6,42,49,29,9
197,10/16/2020 10:00:00 AM,23,250,627,478,27,8,125,35,99,10,129,1,73,117,22,820,817,25,5,59,6,42,49,29,11
198,10/17/2020 10:00:00 AM,23,251,630,479,27,8,125,35,99,10,129,1,73,117,22,820,819,25,5,59,6,42,49,29,8
199,10/18/2020 10:00:00 AM,23,251,630,479,27,8,125,35,99,10,129,1,74,117,22,820,821,25,5,59,6,42,49,29,5
200,10/19/2020 10:00:00 AM,23,251,630,479,27,8,125,35,99,10,129,1,74,118,22,820,822,25,5,59,6,42,49,29,7
201,10/20/2020 10:00:00 AM,23,252,631,479,27,8,125,35,99,10,129,1,75,118,22,821,822,25,5,59,6,42,49,29,12
202,10/21/2020 10:00:00 AM,23,253,633,480,27,8,125,35,99,10,130,1,76,118,22,822,824,25,5,59,6,42,49,29,11
203,10/22/2020 10:00:00 AM,23,254,635,481,27,8,126,35,99,10,130,1,76,118,22,823,828,25,6,59,6,42,49,29,12
204,10/23/2020 10:00:00 AM,23,255,638,482,27,8,126,35,99,10,129,1,76,118,22,823,829,25,6,60,6,42,49,29,14
205,10/24/2020 10:00:00 AM,23,256,639,484,27,8,126,35,100,10,130,1,77,118,22,824,829,25,6,60,6,42,50,29,18
206,10/25/2020 10:00:00 AM,23,258,642,484,27,8,126,35,100,10,130,1,77,120,23,827,829,25,6,60,6,43,50,30,10
207,10/26/2020 10:00:00 AM,23,260,642,484,27,8,126,35,100,10,130,1,77,120,23,827,830,25,6,60,6,43,50,30,10
208,10/27/2020 10:00:00 AM,24,260,642,484,27,8,126,35,100,10,131,1,77,120,23,829,830,25,6,60,6,44,51,30,13
209,10/28/2020 10:00:00 AM,24,261,643,485,27,8,126,35,100,10,131,1,77,120,23,830,835,25,6,60,6,44,51,30,11
210,10/29/2020 10:00:00 AM,24,262,646,485,28,8,126,35,100,11,131,1,77,121,23,832,835,25,6,60,6,44,51,30,13
211,10/30/2020 10:00:00 AM,24,263,649,486,28,8,126,35,100,12,131,1,78,121,23,832,835,25,6,60,6,46,51,30,14
212,10/31/2020 10:00:00 AM,24,266,650,486,28,8,126,35,100,12,131,1,78,121,23,833,839,25,6,60,6,46,51,30,15
213,11/01/2020 10:00:00 AM,24,269,651,488,28,8,127,35,100,12,131,1,78,123,23,833,839,25,6,60,6,47,51,30,9
214,11/02/2020 10:00:00 AM,24,270,652,488,28,8,127,35,100,12,131,1,78,122,23,834,839,25,6,60,6,47,51,30,10
215,11/03/2020 10:00:00 AM,24,270,653,490,28,8,127,35,100,12,132,1,78,122,23,835,839,25,6,60,6,47,52,30,12
216,11/04/2020 10:00:00 AM,24,271,655,490,28,8,127,35,100,12,132,1,78,123,23,837,840,25,6,61,6,48,52,30,13
217,11/05/2020 10:00:00 AM,25,271,658,491,28,8,127,35,100,12,132,1,78,123,24,841,841,25,6,61,6,47,52,30,13
218,11/06/2020 10:00:00 AM,26,271,658,493,28,8,127,35,100,12,132,1,78,123,24,845,845,25,6,60,6,47,52,30,14
219,11/07/2020 10:00:00 AM,26,271,660,497,28,8,127,35,100,12,132,1,79,122,24,847,845,25,7,60,6,47,52,30,11
220,11/08/2020 10:00:00 AM,26,271,660,497,28,9,127,35,100,13,132,1,80,123,24,848,846,25,7,60,6,47,52,30,16
221,11/09/2020 10:00:00 AM,26,271,662,499,28,9,127,35,100,13,132,1,80,123,24,851,847,25,7,60,6,47,52,30,17
222,11/10/2020 10:00:00 AM,28,271,664,499,28,9,127,35,100,13,132,1,80,123,24,855,849,25,7,60,6,47,52,30,19
223,11/11/2020 10:00:00 AM,29,272,664,500,28,9,127,36,100,13,132,1,80,124,24,858,852,25,7,60,6,49,54,30,20
224,11/12/2020 10:00:00 AM,29,274,666,501,28,9,127,36,102,13,132,1,81,125,24,860,854,25,8,60,7,49,54,30,17
225,11/13/2020 10:00:00 AM,29,275,667,503,29,9,127,36,102,13,132,1,81,125,24,862,856,26,8,60,7,49,54,30,19
226,11/14/2020 10:00:00 AM,31,276,668,504,29,9,128,36,102,13,132,1,81,125,24,864,859,26,8,60,7,51,54,31,25
227,11/15/2020 10:00:00 AM,32,276,668,508,29,9,128,36,102,14,133,1,82,126,24,868,865,26,8,60,7,52,55,31,13
228,11/16/2020 10:00:00 AM,33,276,668,509,29,9,128,36,102,14,133,1,82,126,24,871,866,26,8,60,7,53,55,31,13
229,11/17/2020 10:00:00 AM,35,276,671,512,29,9,128,36,102,14,133,1,83,126,24,874,870,26,8,60,7,54,55,31,22
230,11/18/2020 10:00:00 AM,39,276,674,513,30,9,129,36,102,14,134,1,84,126,24,875,875,26,8,60,7,55,55,32,17
231,11/19/2020 10:00:00 AM,44,276,676,513,30,9,130,36,102,14,135,2,84,127,24,878,878,26,8,60,7,56,55,32,18
232,11/20/2020 10:00:00 AM,46,279,677,513,30,9,131,36,102,15,135,3,84,128,24,881,878,26,8,60,7,57,55,34,27
233,11/21/2020 10:00:00 AM,48,282,679,518,30,9,131,37,102,15,137,3,84,128,24,887,882,26,8,61,7,58,55,34,16
234,11/22/2020 10:00:00 AM,52,282,679,520,30,9,131,37,102,15,137,3,85,128,24,889,882,26,8,61,7,59,55,34,24
235,11/23/2020 10:00:00 AM,55,284,682,523,31,9,131,37,102,15,138,4,85,129,24,890,882,26,8,61,7,60,56,35,19
236,11/24/2020 10:00:00 AM,59,284,686,525,32,10,131,37,102,15,138,4,89,130,24,893,884,26,8,61,7,61,57,35,27
237,11/25/2020 10:00:00 AM,60,285,692,528,32,10,131,37,103,15,138,4,91,131,23,894,888,26,8,61,7,63,58,35,43
238,11/26/2020 10:00:00 AM,64,286,697,534,35,10,132,39,103,15,138,4,91,133,23,897,896,26,8,61,7,69,59,35,30
239,11/27/2020 10:00:00 AM,64,286,701,538,35,10,132,39,103,15,138,4,91,133,23,902,898,26,8,61,7,69,59,36,36
240,11/28/2020 10:00:00 AM,69,286,706,542,36,10,132,40,103,15,140,4,92,137,23,905,900,26,9,61,7,69,59,35,41
241,11/29/2020 10:00:00 AM,71,286,707,545,36,10,133,40,103,15,142,5,94,139,23,909,902,26,9,61,7,70,59,35,43
242,11/30/2020 10:00:00 AM,72,286,710,547,36,10,133,40,103,15,142,5,94,140,23,912,906,26,9,62,7,71,59,37,41
243,12/01/2020 10:00:00 AM,74,285,715,548,36,10,135,40,102,15,142,6,99,142,23,918,911,26,9,62,7,73,59,37,42
244,12/02/2020 10:00:00 AM,80,285,718,557,37,10,135,45,102,16,142,8,100,143,23,924,913,26,9,62,7,77,59,38,42
245,12/03/2020 10:00:00 AM,84,288,730,561,38,10,139,47,103,17,144,8,102,144,23,928,917,26,9,64,7,79,59,38,41
246,12/04/2020 10:00:00 AM,87,288,737,570,38,10,139,48,103,17,144,8,104,147,23,933,923,26,9,65,7,81,60,38,25
247,12/05/2020 10:00:00 AM,87,291,738,571,38,10,139,49,103,17,146,9,105,147,23,935,924,26,9,66,7,82,60,38,39
248,12/06/2020 10:00:00 AM,87,291,746,574,38,10,139,50,103,17,146,9,107,149,23,938,928,26,9,66,7,82,60,38,42
249,12/07/2020 10:00:00 AM,89,292,747,575,38,10,139,50,103,17,146,9,110,149,23,946,935,26,9,67,7,83,60,38,37
250,12/08/2020 10:00:00 AM,97,294,754,574,38,10,143,51,105,17,146,13,111,150,23,949,937,26,9,69,7,86,60,38,48
251,12/09/2020 10:00:00 AM,104,295,761,585,39,10,143,52,107,17,147,14,111,155,23,956,942,26,9,69,7,88,61,38,42
252,12/10/2020 10:00:00 AM,109,297,773,590,39,10,145,52,108,17,147,15,112,157,23,958,947,26,10,70,7,90,61,38,49
253,12/11/2020 10:00:00 AM,113,298,778,599,40,10,147,53,111,17,148,15,114,157,23,968,947,26,9,73,7,92,62,39,55
254,12/12/2020 10:00:00 AM,116,297,787,600,41,10,149,54,111,17,151,17,115,157,23,973,958,26,11,75,7,94,64,39,45
255,12/13/2020 10:00:00 AM,117,298,793,603,41,10,149,55,111,17,152,19,115,158,23,978,966,26,12,75,7,95,64,39,31
256,12/14/2020 10:00:00 AM,117,300,795,607,41,10,149,55,112,17,152,20,115,158,23,980,967,26,13,75,7,95,66,39,39
257,12/15/2020 10:00:00 AM,122,305,800,609,41,10,149,57,113,17,155,23,118,160,23,990,972,26,13,76,7,98,69,39,47
258,12/16/2020 10:00:00 AM,126,306,812,613,42,10,149,61,114,17,157,28,122,160,24,995,980,26,14,77,7,103,69,41,50
259,12/17/2020 10:00:00 AM,128,308,821,620,42,10,149,61,114,17,157,30,125,160,24,1009,984,26,15,77,7,108,69,41,50
260,12/18/2020 10:00:00 AM,134,311,825,628,42,10,150,62,115,17,160,30,126,163,24,1012,991,26,15,78,7,110,70,41,41
261,12/19/2020 10:00:00 AM,135,315,832,636,43,10,151,63,116,17,162,31,127,164,24,1014,998,26,15,80,7,113,71,41,51
262,12/20/2020 10:00:00 AM,140,316,838,643,44,10,152,63,116,17,162,34,129,164,24,1015,1009,26,16,81,7,115,71,41,46
263,12/21/2020 10:00:00 AM,142,322,845,647,44,10,153,63,116,17,162,36,130,165,24,1019,1010,26,19,81,7,117,71,42,34
264,12/22/2020 10:00:00 AM,145,324,851,650,44,10,154,63,116,17,163,36,133,167,24,1025,1015,26,19,82,7,123,72,42,45
265,12/23/2020 10:00:00 AM,146,329,860,656,44,10,155,65,116,18,163,37,135,167,24,1032,1019,26,19,82,7,127,73,43,49
266,12/24/2020 10:00:00 AM,150,331,865,667,44,10,157,67,116,18,166,37,138,168,24,1037,1024,26,20,83,7,134,73,43,57
267,12/25/2020 10:00:00 AM,151,334,870,666,44,10,159,68,116,18,167,41,140,170,25,1049,1034,26,20,83,7,134,74,43,44
268,12/26/2020 10:00:00 AM,151,336,876,670,44,10,159,69,116,19,169,42,145,170,25,1050,1036,26,20,83,7,134,75,43,39
269,12/27/2020 10:00:00 AM,151,338,877,672,44,10,161,69,116,19,171,42,146,170,25,1055,1038,26,20,83,7,136,75,44,50
270,12/28/2020 10:00:00 AM,152,339,880,674,44,10,161,69,118,19,174,43,147,170,25,1061,1042,26,20,84,7,136,75,45,52
271,12/29/2020 10:00:00 AM,151,343,887,678,44,10,161,70,119,21,174,44,150,170,25,1068,1045,27,21,84,7,140,76,45,76
272,12/30/2020 10:00:00 AM,153,349,896,680,44,10,160,72,121,21,181,49,154,171,25,1077,1052,27,21,83,8,145,76,45,61
273,12/31/2020 10:00:00 AM,153,352,904,683,44,10,161,72,123,22,186,49,160,174,25,1081,1058,27,22,87,8,147,77,47,55
274,01/01/2021 10:00:00 AM,154,354,913,690,45,10,163,73,123,22,188,52,164,175,25,1086,1062,27,22,89,8,151,78,47,55
275,01/02/2021 10:00:00 AM,155,356,917,695,45,10,163,75,124,23,188,52,165,175,26,1089,1069,27,22,89,8,153,78,48,47
276,01/03/2021 10:00:00 AM,154,356,922,700,45,10,165,75,127,23,190,52,167,175,26,1095,1070,27,22,89,8,154,79,49,46
277,01/04/2021 10:00:00 AM,155,357,925,703,45,10,166,76,128,24,190,52,167,175,26,1097,1073,27,22,89,8,155,80,49,60
278,01/05/2021 10:00:00 AM,156,362,933,704,46,11,169,77,128,24,192,50,169,176,26,1104,1074,27,22,89,9,159,84,49,73
279,01/06/2021 10:00:00 AM,158,365,941,710,46,11,170,77,128,24,194,52,170,176,26,1114,1084,27,22,91,10,161,88,50,65
280,01/07/2021 10:00:00 AM,160,372,952,716,46,11,172,78,128,24,196,52,171,177,26,1119,1090,27,22,92,10,163,88,50,62
281,01/08/2021 10:00:00 AM,161,378,958,723,46,11,172,80,130,24,197,52,173,178,26,1126,1102,28,21,92,10,170,90,52,47
282,01/09/2021 10:00:00 AM,161,383,966,724,46,11,172,80,129,24,201,53,175,178,26,1131,1104,28,22,92,11,170,92,53,43
283,01/10/2021 10:00:00 AM,162,386,967,723,46,11,172,80,130,24,201,54,175,180,28,1137,1110,28,22,92,11,171,93,54,43
284,01/11/2021 10:00:00 AM,162,388,972,725,46,11,173,80,130,24,201,54,175,181,28,1140,1115,28,22,92,11,171,94,56,50
285,01/12/2021 10:00:00 AM,163,390,984,728,46,12,173,81,131,24,204,54,177,182,29,1146,1120,29,23,94,11,173,94,58,70
286,01/13/2021 10:00:00 AM,163,393,996,731,46,13,174,84,131,24,207,56,177,182,29,1160,1124,30,23,94,11,175,96,58,56
287,01/14/2021 10:00:00 AM,164,396,1006,735,46,13,174,84,131,24,209,56,178,182,28,1167,1128,32,23,94,12,177,98,61,59
288,01/15/2021 10:00:00 AM,164,399,1016,739,46,13,175,86,132,24,213,56,180,184,28,1173,1134,32,24,94,14,177,100,63,56
289,01/16/2021 10:00:00 AM,164,402,1024,744,46,13,175,89,132,24,214,56,183,186,28,1177,1135,32,24,95,15,178,101,65,67
290,01/17/2021 10:00:00 AM,164,405,1029,746,46,13,175,89,132,24,215,56,183,187,28,1182,1134,32,24,96,15,178,101,65,75
291,01/18/2021 10:00:00 AM,165,408,1033,755,46,13,175,90,133,25,216,56,183,188,28,1190,1143,32,24,96,16,181,102,65,60
292,01/19/2021 10:00:00 AM,166,410,1037,757,48,13,176,90,135,26,216,56,186,189,28,1196,1152,32,24,96,16,184,103,68,72
293,01/20/2021 10:00:00 AM,168,415,1044,757,50,13,176,92,137,26,218,56,190,190,28,1201,1164,32,25,98,16,190,110,69,49
294,01/21/2021 10:00:00 AM,170,418,1051,760,51,14,179,94,137,27,221,56,190,191,28,1212,1166,32,26,99,16,192,112,69,49
295,01/22/2021 10:00:00 AM,173,424,1060,764,53,14,181,99,139,27,225,56,191,191,28,1220,1169,32,27,99,16,200,113,69,47
296,01/23/2021 10:00:00 AM,174,427,1067,765,54,14,183,101,140,28,226,56,193,192,28,1225,1173,32,27,99,17,203,115,69,54
297,01/24/2021 10:00:00 AM,174,429,1070,772,55,14,183,101,140,28,229,56,193,192,28,1231,1178,32,26,99,17,206,118,72,47
298,01/25/2021 10:00:00 AM,175,433,1074,773,55,14,184,101,140,30,231,56,194,193,28,1235,1179,32,26,99,18,207,121,73,55
299,01/26/2021 10:00:00 AM,175,437,1080,776,56,15,184,105,141,30,232,56,196,195,32,1240,1179,32,26,99,20,214,123,76,69
300,01/27/2021 10:00:00 AM,176,441,1093,779,56,16,186,108,143,31,233,56,199,195,32,1248,1186,32,26,101,20,216,123,76,49
301,01/28/2021 10:00:00 AM,177,444,1098,783,58,16,188,109,143,33,232,56,202,195,34,1250,1191,32,26,102,21,219,125,77,50
302,01/29/2021 10:00:00 AM,179,450,1105,791,60,16,188,109,144,35,235,56,203,198,34,1254,1194,32,26,103,21,219,126,76,46
303,01/30/2021 10:00:00 AM,181,456,1113,795,60,16,189,109,144,35,235,56,203,198,34,1256,1200,33,26,104,21,223,128,77,39
304,01/31/2021 10:00:00 AM,182,457,1116,798,60,16,189,109,144,35,236,56,203,198,34,1260,1203,33,26,104,21,223,128,77,43
305,02/01/2021 10:00:00 AM,183,458,1118,800,60,16,189,109,144,35,237,56,204,199,34,1266,1208,33,26,105,22,224,128,77,47
306,02/02/2021 10:00:00 AM,185,460,1120,801,60,16,189,109,144,36,237,57,205,199,34,1269,1210,33,26,105,23,225,128,77,64
307,02/03/2021 10:00:00 AM,188,467,1125,802,60,17,189,109,144,36,242,57,209,201,35,1276,1215,34,26,107,24,227,130,77,46
308,02/04/2021 10:00:00 AM,189,471,1131,802,60,17,193,110,144,36,243,57,209,202,35,1280,1218,34,26,107,26,228,130,78,48
309,02/05/2021 10:00:00 AM,189,474,1135,806,60,18,195,111,145,36,245,57,209,203,35,1290,1220,34,26,108,26,230,132,80,45
310,02/06/2021 10:00:00 AM,189,475,1144,809,62,18,197,111,145,36,247,57,212,203,35,1294,1225,34,26,108,26,232,134,84,47
311,02/07/2021 10:00:00 AM,189,478,1148,813,62,18,198,111,146,37,247,57,212,204,35,1298,1230,35,26,108,26,233,134,85,40
312,02/08/2021 10:00:00 AM,190,479,1152,816,62,18,198,111,148,37,247,57,212,205,36,1303,1234,35,26,108,26,235,135,85,38
313,02/09/2021 10:00:00 AM,191,482,1160,822,62,18,198,111,148,38,247,57,214,206,36,1307,1236,35,26,108,26,236,135,86,49
314,02/10/2021 10:00:00 AM,192,487,1163,824,62,18,200,111,148,38,248,57,214,206,37,1316,1244,36,26,108,28,237,135,87,45
315,02/11/2021 10:00:00 AM,192,487,1171,827,62,18,201,111,149,39,248,57,217,208,37,1319,1252,36,28,108,29,237,136,86,33
316,02/12/2021 10:00:00 AM,192,488,1181,831,62,18,201,112,149,39,251,57,219,209,37,1324,1255,36,29,109,29,237,136,86,37
317,02/13/2021 10:00:00 AM,193,488,1187,833,62,18,201,112,149,39,252,57,220,210,37,1326,1255,36,29,109,30,237,137,86,53
318,02/14/2021 10:00:00 AM,193,489,1188,834,62,18,201,112,149,39,252,57,222,211,37,1328,1257,36,29,110,30,237,137,86,60
319,02/15/2021 10:00:00 AM,194,494,1195,837,62,18,202,113,150,39,254,57,222,211,37,1337,1262,36,30,111,30,240,139,87,43
320,02/16/2021 10:00:00 AM,195,497,1197,838,62,18,202,113,150,39,254,57,224,210,38,1337,1264,36,30,111,31,242,139,88,58
321,02/17/2021 10:00:00 AM,195,498,1200,836,64,18,203,113,150,40,255,58,225,211,38,1337,1266,37,30,111,31,242,139,89,63
322,02/18/2021 10:00:00 AM,195,504,1209,844,65,18,203,113,151,42,256,58,227,210,39,1348,1275,37,30,112,31,245,140,90,37
323,02/19/2021 10:00:00 AM,195,504,1209,846,65,18,203,114,151,42,256,58,227,210,39,1350,1274,37,30,112,31,244,141,90,49
324,02/20/2021 10:00:00 AM,196,507,1213,846,66,18,203,115,151,42,257,58,227,210,40,1350,1274,37,30,112,31,245,141,90,56
325,02/21/2021 10:00:00 AM,196,507,1214,846,66,18,203,115,151,42,258,58,227,210,40,1351,1276,37,30,112,31,245,141,90,69
326,02/22/2021 10:00:00 AM,196,508,1217,846,66,18,203,115,151,42,258,58,227,210,40,1353,1278,37,30,112,31,245,141,90,78
327,02/23/2021 10:00:00 AM,197,510,1220,848,67,18,205,115,152,42,258,60,229,212,40,1352,1280,37,30,113,32,246,141,90,86
328,02/24/2021 10:00:00 AM,197,513,1226,853,67,18,206,117,152,42,260,60,230,212,40,1354,1285,37,30,113,32,248,141,91,83
329,02/25/2021 10:00:00 AM,197,518,1241,864,68,19,207,117,155,44,263,60,232,213,40,1363,1298,37,31,114,33,249,141,91,28
330,02/26/2021 10:00:00 AM,197,520,1244,865,69,19,207,118,155,44,267,60,232,213,40,1363,1298,37,31,114,34,249,141,91,48
331,02/27/2021 10:00:00 AM,198,522,1248,864,70,19,208,118,155,44,269,60,233,214,40,1365,1299,37,31,114,34,250,141,91,50
332,02/28/2021 10:00:00 AM,198,524,1249,865,70,19,209,118,155,44,271,60,233,214,40,1367,1300,37,31,114,34,250,141,91,53
333,03/01/2021 10:00:00 AM,198,525,1249,865,70,19,209,118,155,44,271,60,233,214,40,1367,1300,37,31,114,34,250,141,91,62
334,03/02/2021 10:00:00 AM,198,528,1250,869,70,20,209,118,155,44,272,60,235,214,41,1373,1302,37,31,114,34,251,141,92,65
335,03/03/2021 10:00:00 AM,198,528,1254,873,70,20,209,119,157,44,272,60,235,214,41,1375,1305,37,31,114,34,252,142,92,61
336,03/04/2021 10:00:00 AM,198,529,1256,875,71,20,209,120,157,44,272,60,235,214,41,1376,1307,37,32,114,34,252,143,91,53
337,03/05/2021 10:00:00 AM,199,530,1257,876,71,20,209,121,158,44,272,60,236,215,41,1379,1309,37,32,115,34,254,143,91,45
338,03/06/2021 10:00:00 AM,199,531,1258,878,71,20,209,121,158,44,272,60,236,214,41,1381,1310,37,32,115,34,254,143,91,50
339,03/07/2021 10:00:00 AM,199,531,1259,879,71,20,209,121,158,44,273,60,236,214,41,1381,1312,37,32,115,35,255,143,91,57
340,03/08/2021 10:00:00 AM,199,531,1259,879,71,20,209,121,158,44,274,60,237,214,41,1381,1312,37,32,115,35,255,143,91,63
341,03/09/2021 10:00:00 AM,199,532,1266,879,72,21,210,121,159,44,274,60,240,214,41,1385,1315,37,32,115,35,256,144,91,64
342,03/10/2021 10:00:00 AM,199,534,1272,881,72,21,210,121,159,44,277,60,241,214,41,1390,1317,38,34,116,35,256,145,91,52
343,03/11/2021 10:00:00 AM,200,537,1273,885,72,21,210,122,159,44,278,60,241,214,41,1392,1322,38,34,116,35,256,145,91,46
344,03/12/2021 10:00:00 AM,200,538,1279,887,72,21,210,122,159,44,278,60,242,214,41,1393,1322,38,34,117,35,256,145,91,50
345,03/13/2021 10:00:00 AM,200,538,1279,888,72,21,212,122,162,44,278,60,244,214,42,1394,1323,39,34,117,35,256,146,91,45
346,03/14/2021 10:00:00 AM,200,538,1281,888,72,21,211,122,162,44,278,60,244,214,42,1396,1323,39,34,117,35,256,146,91,52
347,03/15/2021 10:00:00 AM,200,538,1281,888,72,21,211,122,162,44,278,60,244,214,42,1397,1323,39,34,117,35,256,146,91,58
348,03/16/2021 10:00:00 AM,200,539,1284,893,72,21,211,122,164,44,278,61,246,214,42,1398,1325,39,34,117,36,256,146,91,63
349,03/17/2021 10:00:00 AM,200,540,1288,895,72,22,211,122,164,44,278,61,247,214,42,1401,1327,39,34,117,36,257,147,91,66
350,03/18/2021 10:00:00 AM,201,542,1293,898,72,22,210,122,165,46,280,61,249,214,42,1403,1332,39,34,117,36,257,147,91,56
351,03/19/2021 10:00:00 AM,201,544,1303,901,73,22,210,122,167,46,282,61,251,216,42,1409,1338,39,35,118,36,257,148,91,35
352,03/20/2021 10:00:00 AM,201,544,1309,905,73,22,211,122,167,47,283,61,251,215,42,1410,1341,39,35,120,36,257,148,91,43
353,03/21/2021 10:00:00 AM,201,544,1310,906,73,22,211,122,167,47,283,61,251,216,42,1410,1344,39,35,120,36,257,148,91,49
354,03/22/2021 10:00:00 AM,201,544,1310,906,73,22,211,122,167,47,284,61,251,215,42,1410,1344,39,35,120,36,257,148,91,63
355,03/23/2021 10:00:00 AM,201,544,1315,911,73,22,212,123,167,47,287,61,251,217,42,1415,1347,39,35,120,36,259,148,91,47
356,03/24/2021 10:00:00 AM,201,545,1319,913,73,22,212,123,167,47,287,61,251,218,42,1417,1348,39,35,120,36,259,148,91,55
357,03/25/2021 10:00:00 AM,201,547,1321,913,73,22,212,123,168,47,288,61,251,219,42,1417,1349,39,36,121,36,259,148,91,48
358,03/26/2021 10:00:00 AM,201,548,1324,916,73,22,212,124,168,47,289,61,251,219,42,1422,1351,39,36,121,36,259,149,91,46
359,03/27/2021 10:00:00 AM,201,548,1325,920,73,22,212,124,168,47,291,61,251,220,42,1422,1354,39,37,121,36,259,149,91,48
360,03/28/2021 10:00:00 AM,201,548,1327,921,73,22,212,124,169,47,291,61,251,220,42,1422,1354,39,37,122,36,259,149,91,48
361,03/29/2021 10:00:00 AM,201,548,1328,921,73,22,212,124,169,47,291,61,251,220,42,1422,1355,39,37,122,36,259,149,91,55
362,03/30/2021 10:00:00 AM,201,550,1330,922,73,22,212,124,170,47,291,61,251,220,42,1422,1357,39,37,122,36,260,149,91,59
363,03/31/2021 10:00:00 AM,201,552,1331,922,73,22,212,124,171,47,292,61,251,220,42,1426,1359,40,37,122,36,260,149,92,59
364,04/01/2021 10:00:00 AM,201,554,1336,923,73,22,212,125,171,47,292,61,252,221,42,1430,1362,40,37,122,36,260,149,93,57
365,04/02/2021 10:00:00 AM,203,555,1338,926,73,22,213,125,172,47,292,61,253,221,42,1430,1363,40,37,123,36,260,150,94,58
366,04/03/2021 10:00:00 AM,203,555,1341,928,73,22,214,125,174,48,292,61,254,223,42,1434,1364,40,37,123,36,260,151,94,63
367,04/04/2021 10:00:00 AM,203,557,1341,929,73,22,215,125,174,48,292,61,255,223,42,1435,1365,40,37,123,36,260,151,94,64
368,04/05/2021 10:00:00 AM,203,557,1341,929,73,22,215,125,174,48,293,61,255,223,43,1435,1365,40,37,123,36,260,151,94,74
369,04/06/2021 10:00:00 AM,203,558,1347,931,73,22,216,125,175,48,293,61,255,223,43,1438,1365,40,37,123,36,261,151,94,74
370,04/07/2021 10:00:00 AM,203,559,1356,933,73,22,217,125,175,48,293,61,257,224,43,1438,1366,40,37,123,36,262,152,93,67
371,04/08/2021 10:00:00 AM,203,559,1363,936,73,22,219,125,177,48,294,61,257,224,43,1440,1369,40,37,123,36,263,152,93,67
372,04/09/2021 10:00:00 AM,203,559,1366,945,73,22,220,125,177,48,296,61,257,224,43,1443,1373,40,37,123,36,263,152,93,59
373,04/10/2021 10:00:00 AM,203,560,1369,949,73,22,221,125,177,49,296,61,257,224,43,1445,1379,40,37,123,36,263,152,93,61
374,04/11/2021 10:00:00 AM,204,562,1371,948,73,22,221,125,177,49,296,61,257,224,43,1447,1379,40,37,123,36,263,152,93,66
375,04/12/2021 10:00:00 AM,204,562,1373,950,73,22,221,125,177,49,296,61,257,224,43,1447,1379,40,37,123,36,263,152,93,77
376,04/13/2021 10:00:00 AM,204,564,1376,955,73,22,222,126,177,49,296,61,257,224,43,1447,1383,40,37,123,36,263,152,93,75
377,04/14/2021 10:00:00 AM,204,566,1380,961,74,22,222,126,179,49,297,61,260,224,43,1447,1386,40,37,123,36,263,152,93,62
378,04/15/2021 10:00:00 AM,204,568,1382,964,74,22,223,126,179,49,297,61,260,224,43,1449,1388,40,37,123,36,263,152,93,69
379,04/16/2021 10:00:00 AM,204,568,1385,966,74,22,224,126,179,49,298,61,261,224,43,1451,1392,41,37,123,36,266,152,93,67
380,04/17/2021 10:00:00 AM,204,571,1392,968,74,23,224,126,180,49,299,61,263,224,43,1453,1393,41,37,123,36,267,152,94,62
381,04/18/2021 10:00:00 AM,204,571,1394,968,74,23,224,126,181,49,300,61,263,224,43,1454,1395,41,37,123,36,267,152,94,72
382,04/19/2021 10:00:00 AM,204,571,1395,968,74,23,224,126,181,49,300,61,263,224,43,1454,1396,41,37,123,36,267,152,94,81
383,04/20/2021 10:00:00 AM,204,572,1397,971,74,24,226,126,182,49,303,61,263,224,43,1455,1399,42,37,123,36,268,152,95,80
384,04/21/2021 10:00:00 AM,205,572,1402,980,75,24,226,126,183,49,305,61,264,224,43,1460,1399,42,37,123,36,268,152,96,67
385,04/22/2021 10:00:00 AM,205,575,1408,982,76,24,227,126,183,49,305,61,264,225,43,1460,1400,42,37,123,36,269,152,96,71
386,04/23/2021 10:00:00 AM,205,574,1414,986,76,24,228,126,184,49,307,61,265,226,43,1462,1402,42,37,123,36,269,152,96,60
387,04/24/2021 10:00:00 AM,205,574,1418,990,76,24,228,126,184,49,310,62,265,226,43,1465,1406,42,37,123,36,269,152,96,56
388,04/25/2021 10:00:00 AM,205,574,1420,990,76,24,228,126,184,49,310,62,265,226,43,1469,1406,42,37,123,36,269,152,96,63
389,04/26/2021 10:00:00 AM,205,574,1421,990,76,24,228,126,184,49,310,62,265,226,43,1471,1406,42,37,123,36,269,152,96,68
390,04/27/2021 10:00:00 AM,205,576,1425,991,76,24,228,126,187,49,311,62,265,226,43,1472,1406,42,37,123,36,269,152,96,74
391,04/28/2021 10:00:00 AM,206,576,1427,997,76,25,228,127,188,49,311,62,266,226,43,1475,1412,43,37,123,36,269,152,96,71
392,04/29/2021 10:00:00 AM,206,578,1430,999,77,25,228,127,188,50,311,62,266,227,43,1476,1419,43,37,123,36,269,152,96,62
393,04/30/2021 10:00:00 AM,206,580,1433,1004,77,25,229,127,188,50,311,62,266,227,43,1476,1423,44,37,123,36,269,152,96,71
394,05/01/2021 10:00:00 AM,206,581,1435,1011,77,25,229,127,188,50,311,62,266,227,44,1476,1425,44,37,123,37,270,152,97,75
395,05/02/2021 10:00:00 AM,206,581,1438,1012,77,25,229,127,188,50,311,62,267,227,44,1477,1426,44,37,123,37,271,152,97,77
396,05/03/2021 10:00:00 AM,206,582,1442,1015,77,25,230,127,188,50,311,62,267,227,44,1477,1429,44,37,123,37,271,152,97,85
397,05/04/2021 10:00:00 AM,206,584,1445,1017,77,25,230,127,188,50,311,62,267,227,44,1477,1433,44,37,123,37,272,152,97,80
398,05/05/2021 10:00:00 AM,206,586,1447,1025,77,25,230,129,188,50,311,62,267,227,44,1477,1435,44,37,123,37,273,152,97,73
399,05/06/2021 10:00:00 AM,206,587,1453,1031,77,25,231,130,188,50,312,62,267,227,44,1479,1438,44,37,123,37,273,153,97,60
400,05/07/2021 10:00:00 AM,206,587,1457,1035,77,25,231,130,189,50,312,62,268,227,44,1481,1445,44,37,123,37,273,153,97,52
401,05/08/2021 10:00:00 AM,206,590,1461,1039,77,25,232,130,190,50,312,62,269,227,44,1482,1448,44,37,123,37,273,153,97,44
402,05/09/2021 10:00:00 AM,206,590,1461,1040,77,25,232,130,190,50,312,62,269,227,44,1482,1449,44,37,123,37,273,153,97,50
403,05/10/2021 10:00:00 AM,206,590,1461,1040,77,25,232,130,190,50,312,62,269,227,44,1483,1449,44,37,123,37,273,153,97,59
404,05/11/2021 10:00:00 AM,206,590,1464,1041,77,25,232,130,190,50,313,62,270,227,44,1483,1450,44,37,124,37,273,153,97,59
405,05/12/2021 10:00:00 AM,206,590,1466,1045,77,25,233,132,192,50,313,62,270,227,44,1486,1452,44,37,124,37,275,153,97,50
406,05/13/2021 10:00:00 AM,207,592,1466,1048,77,25,232,133,192,50,313,62,270,227,44,1487,1453,44,38,124,37,277,153,98,55
407,05/14/2021 10:00:00 AM,207,594,1468,1055,77,25,232,133,192,50,313,62,270,227,44,1487,1453,45,38,124,37,277,153,98,55
408,05/15/2021 10:00:00 AM,207,595,1472,1059,77,25,233,134,192,50,315,62,271,227,44,1488,1455,45,38,124,37,277,153,98,55
409,05/16/2021 10:00:00 AM,207,595,1472,1062,77,25,233,134,192,50,315,62,272,227,44,1488,1456,45,38,124,37,278,153,98,53
410,05/17/2021 10:00:00 AM,207,595,1472,1062,77,25,233,134,192,50,316,62,272,227,44,1489,1456,45,38,124,37,278,153,98,54
411,05/18/2021 10:00:00 AM,207,598,1475,1068,77,25,234,134,193,50,316,62,272,227,44,1490,1458,45,38,124,37,278,153,98,51
412,05/19/2021 10:00:00 AM,207,598,1479,1074,77,25,234,135,193,50,316,62,272,227,44,1491,1459,45,38,124,37,278,153,98,50
413,05/20/2021 10:00:00 AM,207,598,1480,1076,77,25,234,136,193,50,316,62,273,227,44,1492,1459,45,38,124,37,278,153,98,46
414,05/21/2021 10:00:00 AM,207,599,1482,1083,77,25,234,137,193,50,316,62,273,227,44,1493,1463,45,38,124,37,278,153,98,44
415,05/22/2021 10:00:00 AM,207,601,1491,1089,77,25,234,137,194,50,316,62,273,227,44,1494,1464,46,38,124,37,278,153,98,40
416,05/23/2021 10:00:00 AM,207,602,1492,1091,77,25,234,138,194,50,316,62,276,229,44,1495,1464,46,38,125,37,278,153,98,45
417,05/24/2021 10:00:00 AM,207,602,1494,1096,77,25,234,138,194,50,316,62,276,230,44,1497,1464,46,38,125,37,278,153,98,50
418,05/25/2021 10:00:00 AM,208,606,1496,1101,77,25,234,138,194,50,316,62,276,230,44,1497,1466,46,38,125,37,278,153,98,43
419,05/26/2021 10:00:00 AM,209,608,1501,1103,77,25,234,138,194,51,316,62,276,230,44,1497,1468,46,38,125,37,278,153,98,38
420,05/27/2021 10:00:00 AM,210,631,1612,1194,84,29,246,147,206,63,328,64,287,243,49,1551,1532,50,40,129,43,322,171,105,32
421,05/28/2021 10:00:00 AM,210,631,1614,1197,84,29,246,148,206,63,328,64,287,243,49,1552,1533,50,40,129,43,323,171,105,35
422,05/29/2021 10:00:00 AM,210,631,1616,1198,84,29,246,148,207,63,328,64,287,243,49,1552,1533,50,40,130,43,323,171,105,37
423,05/30/2021 10:00:00 AM,210,631,1616,1198,84,29,246,148,208,63,328,64,287,243,49,1554,1535,50,40,130,44,323,171,105,39
424,05/31/2021 10:00:00 AM,210,631,1616,1199,84,29,246,148,208,63,328,64,287,243,49,1554,1535,50,40,130,44,324,171,105,44
425,06/01/2021 10:00:00 AM,210,631,1616,1199,84,29,246,148,208,63,328,64,287,243,49,1554,1535,50,40,130,44,324,171,105,46
426,06/02/2021 10:00:00 AM,210,631,1616,1200,84,29,246,148,209,63,329,64,288,243,49,1554,1535,50,40,130,44,324,172,105,47
427,06/03/2021 10:00:00 AM,210,635,1618,1203,84,29,246,148,209,63,329,64,289,243,49,1554,1537,50,40,130,44,324,172,105,39
428,06/04/2021 10:00:00 AM,210,636,1621,1205,84,29,246,148,209,63,329,64,289,243,49,1555,1538,50,40,130,44,324,172,105,34
429,06/05/2021 10:00:00 AM,210,636,1621,1206,84,29,246,148,209,63,329,64,290,244,49,1558,1539,50,40,130,44,324,172,105,36
430,06/06/2021 10:00:00 AM,210,636,1621,1207,84,29,246,148,209,64,330,64,290,244,49,1558,1540,50,40,130,44,324,172,105,37
431,06/07/2021 10:00:00 AM,210,636,1621,1207,84,29,246,148,209,64,330,64,290,245,49,1561,1540,50,40,130,44,324,172,105,37
432,06/08/2021 10:00:00 AM,210,636,1622,1210,84,29,246,149,209,64,330,64,291,245,49,1562,1541,50,40,131,44,324,172,105,31
433,06/09/2021 10:00:00 AM,210,637,1622,1212,84,30,246,150,209,64,331,64,291,245,49,1562,1541,50,40,131,44,324,172,105,29
434,06/10/2021 10:00:00 AM,210,641,1624,1212,84,30,247,150,209,64,331,64,291,245,49,1564,1542,50,40,131,44,324,172,105,27
435,06/11/2021 10:00:00 AM,211,640,1625,1212,84,30,247,150,210,64,331,64,291,245,49,1565,1544,50,40,131,44,324,172,105,31
436,06/12/2021 10:00:00 AM,211,642,1625,1213,84,30,247,150,210,64,331,64,290,245,49,1565,1546,50,40,131,44,325,172,105,31
437,06/13/2021 10:00:00 AM,211,642,1626,1213,84,30,247,150,211,64,331,64,290,245,49,1565,1546,50,40,131,44,325,172,105,31
438,06/14/2021 10:00:00 AM,211,642,1626,1213,84,30,247,150,211,64,331,64,290,245,49,1565,1546,50,40,131,44,325,172,105,33
439,06/15/2021 10:00:00 AM,211,643,1626,1213,84,30,247,150,211,64,331,64,291,247,49,1566,1548,50,40,131,44,325,173,105,29
440,06/16/2021 10:00:00 AM,211,643,1628,1217,84,30,247,150,211,64,331,64,291,247,49,1568,1549,50,40,131,44,325,173,105,26
441,06/17/2021 10:00:00 AM,211,643,1630,1217,84,30,247,150,211,64,331,64,291,247,49,1569,1551,50,40,132,44,325,173,105,23
442,06/18/2021 10:00:00 AM,211,645,1630,1217,84,30,247,150,211,64,331,64,292,247,49,1570,1551,50,40,132,44,325,173,105,24
443,06/19/2021 10:00:00 AM,211,645,1631,1219,84,30,247,150,213,64,331,64,292,247,49,1570,1551,50,40,132,44,325,173,105,23
444,06/20/2021 10:00:00 AM,211,645,1631,1219,84,30,247,150,213,64,332,64,292,247,49,1570,1551,50,40,132,44,325,173,105,22
445,06/21/2021 10:00:00 AM,211,645,1631,1219,84,30,247,150,213,64,332,64,292,247,49,1570,1551,50,40,132,44,325,173,105,22
446,06/22/2021 10:00:00 AM,211,646,1632,1219,85,30,247,150,213,64,332,64,293,247,49,1571,1553,50,40,132,44,325,173,105,23
447,06/23/2021 10:00:00 AM,211,646,1636,1220,85,30,247,150,213,64,332,64,293,247,49,1571,1554,50,40,132,44,326,173,105,23
448,06/24/2021 10:00:00 AM,211,648,1637,1222,85,30,247,150,214,64,332,64,294,247,49,1571,1554,50,40,132,44,326,173,105,23
449,06/25/2021 10:00:00 AM,211,648,1637,1222,85,30,248,150,214,64,332,64,294,247,49,1571,1555,50,40,132,44,327,173,105,21
450,06/26/2021 10:00:00 AM,211,649,1639,1224,85,30,248,150,214,64,332,64,294,247,49,1571,1555,50,40,132,44,327,173,105,20
451,06/27/2021 10:00:00 AM,211,649,1639,1224,85,30,248,150,214,64,332,64,294,247,49,1572,1556,50,40,132,44,327,173,105,21
452,06/28/2021 10:00:00 AM,211,649,1639,1224,85,30,248,150,214,64,332,64,294,247,49,1572,1556,50,40,132,44,327,174,105,22
453,06/29/2021 10:00:00 AM,211,649,1639,1224,85,30,248,150,214,64,332,64,294,247,49,1572,1556,50,40,132,44,327,174,105,23
454,06/30/2021 10:00:00 AM,211,650,1640,1225,85,30,248,150,214,64,332,64,294,247,49,1572,1557,50,40,132,44,327,174,105,20
455,07/01/2021 10:00:00 AM,211,650,1641,1227,85,30,248,150,214,64,332,64,295,248,49,1572,1557,50,40,132,44,328,174,105,17
456,07/02/2021 10:00:00 AM,211,650,1641,1227,85,30,248,150,214,64,332,64,295,248,49,1573,1557,50,40,132,44,328,174,105,18
457,07/03/2021 10:00:00 AM,211,650,1642,1227,85,30,248,150,214,64,333,64,295,248,49,1574,1557,50,40,132,44,328,174,105,18
458,07/04/2021 10:00:00 AM,211,650,1642,1228,85,30,248,150,214,64,333,64,295,248,49,1574,1557,50,40,132,44,328,174,105,17
459,07/05/2021 10:00:00 AM,211,650,1642,1228,85,30,248,150,214,64,333,64,295,249,49,1574,1557,50,40,132,44,328,174,105,18
460,07/06/2021 10:00:00 AM,211,650,1642,1228,85,30,248,150,214,64,333,64,295,249,49,1575,1557,50,40,132,44,328,174,105,20
461,07/07/2021 10:00:00 AM,211,650,1643,1230,85,30,248,150,214,64,334,64,295,249,49,1575,1557,51,40,132,44,329,174,105,15
462,07/08/2021 10:00:00 AM,211,650,1643,1231,85,30,248,151,214,64,334,64,295,249,49,1576,1557,51,40,132,44,329,174,105,15
463,07/09/2021 10:00:00 AM,211,650,1644,1231,85,30,248,151,214,64,334,64,295,249,49,1576,1557,51,41,132,44,329,174,105,16
464,07/10/2021 10:00:00 AM,211,650,1645,1231,85,30,248,151,214,64,334,64,295,248,49,1576,1558,51,41,132,44,329,174,105,16
465,07/11/2021 10:00:00 AM,211,650,1645,1231,85,30,248,151,214,64,334,64,295,248,49,1576,1558,51,41,132,44,329,174,105,16
466,07/12/2021 10:00:00 AM,211,650,1645,1231,85,30,248,151,214,64,334,64,295,248,49,1576,1558,51,41,132,44,329,174,105,15
467,07/13/2021 10:00:00 AM,211,651,1646,1232,85,30,248,151,214,64,334,64,295,248,49,1577,1558,51,41,132,44,329,174,105,15
468,07/14/2021 10:00:00 AM,211,651,1647,1233,85,30,248,152,214,64,334,64,295,248,49,1577,1559,51,41,132,44,329,174,105,15
469,07/15/2021 10:00:00 AM,211,651,1647,1235,85,30,248,152,214,64,334,64,295,248,49,1577,1559,51,42,132,44,329,174,105,16
470,07/16/2021 10:00:00 AM,211,653,1648,1235,85,30,248,152,214,64,334,64,295,248,49,1577,1560,51,42,132,44,329,174,105,17
471,07/17/2021 10:00:00 AM,211,653,1648,1235,85,30,248,152,214,64,334,64,296,248,49,1577,1561,51,42,132,44,330,174,105,16
472,07/18/2021 10:00:00 AM,211,653,1648,1235,85,30,248,152,215,64,334,64,296,248,49,1577,1561,51,42,132,44,330,174,105,16
473,07/19/2021 10:00:00 AM,211,653,1648,1235,85,30,248,152,215,64,334,64,296,248,49,1577,1561,51,42,132,44,330,174,105,17
